"SAV area data (hectares). See http://www.vims.edu/bio/sav for more information. Key nd=region not mapped, pd=region partially mapped. 2012 SAV Totals are Preliminary.",,,,,,,,,,,,,,,,,,,,,,,,,,,,,,,,,,,,,,,,,,,,,,,,,,,,,,,,,,,,,,,,,,,,,,,
CBPSEG,state,Segment_Name,Sort,1971_ha,1971_nd,1974_ha,1974_nd,1978_ha,1978_nd,1979_ha,1979_nd,1980_ha,1980_nd,1981_ha,1981_nd,1984_ha,1984_nd,1985_ha,1985_nd,1986_ha,1986_nd,1987_ha,1987_nd,1989_ha,1989_nd,1990_ha,1990_nd,1991_ha,1991_nd,1992_ha,1992_nd,1993_ha,1993_nd,1994_ha,1994_nd,1995_ha,1995_nd,1996_ha,1996_nd,1997_ha,1997_nd,1998_ha,1998_nd,1999_ha,1999_nd,2000_ha,2000_nd,2001_ha,2001_nd,2002_ha,2002_nd,2003_ha,2003_nd,2004_ha,2004_nd,2005_ha,2005_nd,2006_ha,2006_nd,2007_ha,2007_nd,2008_ha,2008_nd,2009_ha,2009_nd,2010_ha,2010_nd,2011_ha,2011_nd,2012_ha,2012_nd
CB1TF1,MD,Northern Chesapeake Bay Segment 1,1.1,0,nd,0,nd,0,,0,nd,0,nd,0,nd,7.3,,17.27,,3.23,,3.31,,4.27,,12.08,,35.42,,29.23,,44.22,,120.33,,143.73,,130.76,,142.34,,145.43,,70.81,pd,188.92,,231.15,,258.7,,228.69,,252.08,,300.65,,245.58,,337.43,,407.63,,436.58,,342.34,,201.09,,186.51,
CB1TF2,MD,Northern Chesapeake Bay Segment 2,1.2,0,pd,0,pd,833.98,,220.37,pd,0,pd,0,pd,2169.99,,2039.12,,2349.16,,2216.97,,1944.87,,1772.97,,1673.44,,1767.82,,1749.17,,2590.51,,1952.9,,2016.01,,2347.65,,2164.64,,2525.57,pd,2954.57,,2999.31,,3475.38,,2834.33,,3836.75,,3419.38,,3538.09,,4745.17,,5743.91,,5739.33,,5371.19,,3431.4,,2437.75,
CB1TF2,PA,Northern Chesapeake Bay Segment 2,1.2,0,,0,,0,,0,nd,0,,0,,0,,0,,0,,0,,0,,0,,0,,0,,0,,0,,0,,0,,0,,0,,0,,0,,0,,0,,0,,0,,0,,0,,0,,0,,0,,0,,0,,0,
NORTF,MD,Northeast River,2,0,nd,0,nd,5.52,,0,pd,0,nd,0,nd,0,,0,,2.01,,0.34,,0,,0,,0,,0,,0,,7.96,,6.86,,5.3,,4.98,,9.95,,5.75,,9.43,,0,,30.75,,18.63,,34.06,,31.72,,53.6,,46.56,,73.94,,97.18,,92.42,,43.83,,21.16,
ELKOH1,MD,Elk River Segment 1,3.1,0,nd,0,nd,0.87,,0,nd,0,nd,0,nd,13.7,,38.55,,5.55,,7.24,,189.26,,353.68,,268.43,,240.62,,94.58,,178.67,,122.78,,43.35,,67.12,,197.35,,319.83,,668.88,,746.61,,151.71,,131.36,,683.6,,676.46,,651.69,,643.24,,771.55,,837.75,,769.18,,46.73,,46.5,
ELKOH2,DE,Elk River Segment 2,3.2,0,nd,0,nd,0,,0,nd,0,nd,0,nd,0,,0,,0,,0,,0,,0,,0,,0,,0,,0,,0,,0,,0,,0,,0,,0,,0,,0,,0,,0,,0,,0,,0,,0,,0,,0,,0,,0,
ELKOH2,MD,Elk River Segment 2,3.2,0,nd,0,nd,0,,0,nd,0,nd,0,nd,0,,0,,0.19,,0,,0.85,,2.13,,0.29,,0,,0,,0,,2.29,,0.37,,0.32,,8.73,,3.33,,23.24,,76.79,,24.39,,8.6,,90.19,,118.13,,153.33,,158.05,,178.1,,186.92,,192.34,,11.93,,0,
BOHOH,DE,Bohemia River,4,0,,0,,0,,0,nd,0,,0,,0,,0,,0,,0,,0,,0,,0,,0,,0,,0,,0,,0,,0,,0,,0,,0,,0,,0,,0,,0,,0,,0,,0,,0,,0,,0,,0,,0,
BOHOH,MD,Bohemia River,4,0,pd,0,pd,0,,0,nd,0,pd,0,pd,0,,7.83,,1.57,,0,,6.83,,6.83,,0.25,,1.76,,0.18,,1.19,,11.42,,12.58,,15.09,,46.4,,36.6,,75.72,,143.42,,55.11,,116.59,,295.32,,371.45,,286.8,,234.23,,213.84,,221.32,,84.55,,21.81,,24.64,
C&DOH,DE,Chesapeake & Delaware Canal,5,0,nd,0,nd,0,,0,nd,0,nd,0,nd,0,,0,,0,,0,,0,,0,,0,,0,,0,,0,,0,,0,,0,,0,,0,,0,,0,,0,,0,,0,,0,,0,,0,,0,,0,,0,,0,,0,
C&DOH,MD,Chesapeake & Delaware Canal,5,0,pd,0,pd,0.62,,0,pd,0,pd,0,pd,0,,0,,0,,0,,0,,0,,0,,0,,0,,0,,0,,0,,0,,0,,0,,0,,2.66,,0,,0,,3.29,,3.52,,1.22,,0.86,,4.94,,2.93,,6.37,,0,,0,
CB2OH,MD,Upper Chesapeake Bay,6,0,nd,0,nd,50.16,,21.21,pd,0,nd,0,nd,11.12,pd,127.49,,14.61,pd,85.58,,20.76,,7.68,,4.02,,37.84,,11.1,,4.14,,9.7,,27.58,,110.17,,126.56,,0.52,pd,285.38,,82.2,pd,203.21,,85.59,,527.21,,433.32,,175.92,,150.8,,256.13,,301.67,,235.29,,170.46,,119.08,
SASOH1,MD,Sassafras River Segment 1,7.1,0,nd,0,nd,2.18,,0,nd,0,nd,0,nd,20.03,,27.5,,30.69,,34.19,,90.19,,39.31,,30.1,,13.98,,75.42,,71.72,,170.8,,94.59,,105.99,,68.6,,97.27,,387.77,,434.51,,287.12,,123.2,,414.61,,455.38,,329.91,,149.1,,223.46,,326.97,,317.1,,170.7,,106.53,
SASOH2,DE,Sassafras River Segment 2,7.2,0,,0,,0,,0,nd,0,,0,,0,,0,,0,,0,,0,,0,,0,,0,,0,,0,,0,,0,,0,,0,,0,,0,,0,,0,,0,,0,,0,,0,,0,,0,,0,,0,,0,,0,
SASOH2,MD,Sassafras River Segment 2,7.2,0,pd,0,pd,4.23,,0,nd,0,pd,0,pd,0,,0,,2.78,,0,,0,,0,,0,,0,,0,,4.53,,8.99,,5.73,,4.8,,0,,0,,0.82,,38.6,,48.91,,26.63,,99.76,,141.89,,20.21,,1.64,,21.36,,21.52,,51.4,,37.84,,3.71,
BSHOH,MD,Bush River,8,0,nd,0,nd,0.51,,0,pd,0,nd,0,nd,2.4,pd,12.14,,0,pd,14.31,,0,,0,,0,,2.32,,0,,0,,0,,39.04,,34.95,,2.47,,0,pd,78.66,,1.19,pd,141.57,,157.89,,414.48,,293.61,,131.13,,260.2,,210.08,,154.3,,95.55,,112.7,,48.49,
GUNOH1,MD,Gunpowder River Segment 1,9.1,0,nd,0,nd,179.93,,139,,0,nd,0,nd,0,nd,31.65,,0,nd,35.64,,24.55,,86.54,,70.82,,114.73,,35.65,,71.27,,46.28,,294.62,,477.47,,714.35,,64.91,pd,753.2,,0,nd,41.56,,8.4,,535.87,,179,,95.45,,226.19,,316.76,,345.81,,346.82,,199.47,,171.86,
GUNOH2,MD,Gunpowder River Segment 2,9.2,0,nd,0,nd,16.97,,7.48,pd,0,nd,0,nd,0,pd,16.07,,0,pd,0.1,,0,,0,,10.83,,11.35,,10.95,,17.98,,21.97,,77.24,,159.91,,156.37,,59.63,pd,231.4,,0,nd,145.84,,189.55,,431.73,,522.32,,245.62,,366.51,,379,,418.09,,353.26,,361.44,,140.01,
MIDOH,MD,Middle River,10,0,nd,0,nd,107.24,,216.33,,0,nd,0,nd,0,nd,78.35,,0,nd,38.05,,7.92,,2.99,,7.88,,45.72,,6.67,,25.02,,4.76,,31.16,,117.37,,42.73,,38.5,,299.57,,0,nd,254.73,,158.26,,271.42,,183.63,,93.35,,222.73,,334.54,,315.79,,266.39,,126.19,,125.1,
BACOH,MD,Back River,11,0,,0,,0,,0,pd,0,,0,,0,,0,,0,,0,,0,,0,,0,,0,,0,,0,,0,,0,,0,,0,,0,,0,,0,,0,,0,,12.16,,0,,0,,0,,0,,0,,0.01,,4.28,,0.01,
CB3MH,MD,Upper Central Chesapeake Bay,12,0,nd,0,nd,554.83,,379.74,pd,0,nd,0,nd,382.24,,366.42,,176.09,,227.33,,92.22,,34.88,,22.21,,176.4,,323.83,,331.8,,345.91,,364.51,,370.83,,308.28,,2.78,pd,3.74,,0.5,pd,38.32,,9.23,pd,367.7,,229.24,,68.57,,49.98,,76.38,,94.88,,81.98,,310.57,,175.52,
PATMH,MD,Patapsco River,13,0,pd,0,pd,48.96,,2.21,pd,0,pd,0,pd,0,,0,,0,,0,,0,,0,,0,,0,,0,,0.37,,0,,2.3,,1.93,,5.86,,0,pd,0,,0,pd,3.19,,2.64,,81.89,,112.85,,19.46,,3.67,,7.34,,4.67,,0,,1.47,,0,
MAGMH,MD,Magothy River,14,0,nd,0,nd,141.27,,191.52,,0,nd,0,nd,9.52,,5.07,,3.92,,0.26,,0,,0,,0,,0,,13.21,,18.54,,31.67,,37.15,,53.48,,80.02,,26.4,pd,36.38,,0,nd,84.49,,68.28,,121.21,,124.76,,101.27,,33.56,,36.28,,4.9,,0.71,,3.18,,0,
CHSMH,MD,Lower Chester River,15,0,nd,0,nd,1050.3,,922.83,pd,0,nd,0,nd,418.14,,368.5,,161.65,,286.71,,75.42,,32.45,,34.47,,78.75,,306.55,,409.83,,444.2,,311.8,,424.81,,477.89,,297.74,,0,,83.18,,82.9,,47.32,pd,295.7,,186.9,,74.42,,27.34,,33.5,,38.58,,34.04,,114.72,,70.34,
CHSOH,MD,Middle Chester River,16,0,,0,,0,,0,nd,0,,0,,0,,0,,0,,0,,0,,0,,0,,0,,0,,0,,0,,0,,0,,0,,0,,0,,0,,0,,0,,1.76,,92.3,,0,,0,,0,,0,,0,,7.26,,0,
CHSTF,DE,Upper Chester River,17,0,,0,,0,,0,nd,0,,0,,0,,0,,0,,0,,0,,0,,0,,0,,0,,0,,0,,0,,0,,0,,0,,0,,0,,0,,0,,0,,0,,0,,0,,0,,0,,0,,0,,0,
CHSTF,MD,Upper Chester River,17,0,,0,,0,,0,nd,0,,0,,0,,0,,0,,0,,0,,0,,0,,0,,0,,0,,0,,0,,0,,0,,0,,0,,0,,0,,0,,0,,0.39,,0,,0,,0,,0,,0,,0,,0,
CB4MH,MD,Middle Central Chesapeake Bay,18,0,nd,0,nd,102.57,,9.06,pd,0,nd,0,nd,18.23,,35.44,,12.51,,6.35,,2.42,,4.91,,2.26,,7.32,,4.88,,0,,0,,0,,20.28,,0,,9.8,,0,,45.39,pd,109.04,,8.65,,4.21,,0,,0,,0,,0,,0.15,,0,,27.59,,0,
EASMH,MD,Eastern Bay,19,0,nd,0,nd,1338.52,,416.3,pd,0,nd,0,nd,87.1,,393.34,,252.65,,897.16,,830.1,,389.14,,67.93,,554.54,,733.72,,976.14,,1347.05,,1488.51,,1848.32,,1107.25,,2005.44,,0,,1168.23,,1124.85,,662.84,,420.54,,310.6,,228.78,,32.42,,36.37,,191.51,,170.65,,660.84,,92.49,
CHOMH1,MD,Mouth of the Choptank River,20,0,nd,0,nd,1842.8,,837.12,pd,0,nd,0,nd,57.75,,1404.84,,283.41,,282.09,,838.08,,119.21,,81.65,,931.76,,1733.97,,1459.84,,1479.74,,2343.65,,2792.59,,2283.31,,1533.56,,680.65,,2128.51,,2664.62,,1202,,1526.62,,927.7,,422.03,,508.64,,186.36,,262.65,,163.54,,1143.58,,305.92,
CHOMH2,MD,Lower Choptank River,21,0,nd,0,nd,94.31,,79.48,pd,0,nd,0,nd,0,,36.42,,8.79,,0,,0,,0,,0,,5.66,,4.02,,0,,0,,0,,1.76,,0,,0,,0,,59.95,,62.5,,0,,0.4,,0,,0,,0,,0,,0,,0,,18.1,,7.35,
CHOOH,MD,Middle Choptank River,22,0,,0,,0,,0,nd,0,,0,,0,,0,,0,,0,,0,,0,,0,,0,,0,,0,,0,,0,,0,,0,,0,,0,,0,,0,,0,,0,,0,,0,,0,,0,,0,,0,,0,,0,
CHOTF,MD,Upper Choptank River,23,0,,0,,0,,0,nd,0,,0,,0,,0,,0,,0,,0,,0,,0,,0,,0,,0,,0,,0,,0,,0,,0,,0,,0,,0,,0,,0,,0,,0,,0,,0,,0,,0,,0,,0,
LCHMH,MD,Little Choptank River,24,0,nd,0,nd,134.46,,3.76,pd,0,nd,0,nd,28.12,,367.27,,162.07,,70.93,,27.75,,68.37,,30.01,,139.56,,154.41,,53.78,,18.35,,344.2,,529.39,,617.22,,648.83,,468.41,,962.43,,1175.56,,317.23,,493.9,,105,,48.89,,57.12,,32.56,,71.47,,69.14,,192.88,,46.26,
SEVMH,MD,Severn River,25,0,nd,0,nd,133.78,,129.79,pd,0,nd,0,nd,0,,0,,0.12,,0,,0,,0,,0,,0,,0,,31.32,,50.97,,110.26,,123.87,,163.4,,184.11,pd,51.85,,48.52,pd,114.13,,89.67,,157.03,,172.2,,166.27,,131.9,,125.95,,85.39,,70.73,,77.77,,73.16,
SOUMH,MD,South River,26,0,nd,0,nd,20.59,,0,nd,0,nd,0,nd,0,,0,,0,,0,,0,,0,,0,,0,,0,,1.69,,1.83,,8.71,,16.35,,22,,6.96,,0,,10.74,pd,14.41,,5.51,,18.65,,4.12,,0,,3.24,,0,,0,,0,,0,,1.7,
RHDMH,MD,Rhode River,27,0,nd,0,nd,5.92,,0,nd,0,nd,0,nd,0,,0,,0,,0,,0,,0,,0,,0,,0,,0,,0,,0,,0,,0,,0,,0,,0,,0,,0,,0,,0,,0,,0,,0,,0,,0,,0,,0,
WSTMH,MD,West River,28,0,pd,0,pd,46.65,,0,nd,0,pd,0,pd,0,,2.19,,0.41,,0,,0,,0,,0,,0,,0,,4.68,,0,,0,,0,,3.21,,0,,0,,0,,0,,9.32,,0,,0,,0,,0,,0,,0,,0,,0,,0,
CB5MH,MD,Lower Central Chesapeake Bay,29,0,nd,0,nd,8.67,,394.78,pd,0,nd,0,nd,5.41,pd,378.02,,243.01,,535.99,,547.22,,660.75,,234.84,,888.38,,458.25,,10.43,,0,,1.53,,68.95,,2.02,,265.81,,557.53,,872.77,,864.77,,282.98,,160.8,,371.95,,231.96,,203.95,,458.9,,922.68,,174.85,,283.8,,212.74,
CB5MH,VA,Lower Central Chesapeake Bay,29,0,nd,198.66,pd,358.55,,0,nd,30.11,,133.38,,269.71,,171.89,,203.27,,321.3,,490.28,,608.22,,634.66,,778.43,,813.1,,756.75,,702.8,,709.33,,667.12,,658.53,,640.17,,725.39,,943.82,,1120.16,,352.14,pd,741.98,,997.27,,816.28,,542.93,,788.18,,930.39,,970.65,,561.23,,94.45,
HNGMH,MD,Honga River,30,0,nd,0,nd,132.14,,157.03,pd,0,nd,0,nd,13.42,,317.21,,257.38,,641.76,,998.18,,1167.9,,1347.45,,1534.55,,1845.44,,1391.43,,895.67,,623,,890.51,,316.37,,774.49,,1143.19,,2002.85,,2558.72,,1150.35,,1388.46,,1771,,847.69,,806.42,,1604.42,,1991.88,,880.1,,1049.14,,972.79,
FSBMH,MD,Fishing Bay,31,0,pd,0,pd,0,,0,nd,0,pd,0,pd,0,,0,,0.08,,2.04,,8.85,,5.41,,0.6,,13.62,,15.67,,25.88,,10.83,,0,,0,,0,,2.02,,2.56,,2.24,,44.03,,6.1,,6.76,,2.67,,5.26,,0,,8.97,,59.57,,56.04,,63.31,,26.15,
NANMH,MD,Lower Nanticoke River,32,0,,0,,0,,0,nd,0,,0,,0,,0,,0,,0,,0,,0,,0,,0,,0,,0,,0,,0,,0,,0,,0,,0,,0,,0,,0,,0,,0,,0,,0,,0,,0,,0,,0,,0,
NANOH,MD,Middle Nanticoke River,33,0,,0,,0,,0,nd,0,,0,,0,,0,,0,,0,,0,,0,,0,,0,,0,,0,,0,,0,,0,,0,,0,,0,,0,,0,,0,,0,,0,,0,,0,,0,,0,,0,,0,,0,
NANTF,DE,Upper Nanticoke River,34,0,,0,,0,,0,nd,0,,0,,0,,0,,0,,0,,0,,0,,0,,0,,0,,0,,0,,0,,0,,0,,0,,0,,0,,0,,0,,0,,0,,0,,0,,0,,0,,0,,0,,0,
NANTF,MD,Upper Nanticoke River,34,0,,0,,0,,0,nd,0,,0,,0,,0,,0,,0,,0,,0,,0,,0,,0,,0,,0,,0,,0,,0,,0,,0,,0,,0,,0,,0,,0,,0,,0,,0,,0,,0,,0,,0,
WICMH,MD,Wicomico River,35,0,,0,,0,,0,nd,0,,0,,0,,0,,0,,0,,0,,0,,0,,0,,0,,0,,0,,0,,0,,0,,0,,0,,0,,0,,0,,0,,0,,0,,0,,0,,0,,0,,0,,0,
TANMH1,MD,Tangier Sound Segment 1,36.1,0,nd,0,nd,690.12,,631.18,pd,22.62,pd,368.82,pd,1479.11,,1913.7,,2509.1,,2209.08,,2921.87,,3069.66,,3418.87,,3693.94,,3384.65,,2236.24,,1792.83,,1675.5,,1289.92,,716.78,,1886.97,,2599.62,,2978.34,,3473.09,,1817.26,,1718.47,,2190.26,,1674.97,,1700.47,,2053.39,,2883.66,,3199.95,,2485.23,,2465.19,
TANMH1,VA,Tangier Sound Segment 1,36.1,0,nd,0,nd,2237.1,,70.73,pd,1821.2,pd,2171.47,pd,3029.71,,2882.68,,3206.12,,2782.99,,3375.14,,3444.93,,3575.66,,3636.44,,3444.19,,2757.53,,2828.26,,2786.22,,2535.66,,1958.94,,2410.54,,2486.64,,2409.2,,2603.67,,1988.24,,1737.42,,2195.1,,2254.39,,2178.83,,2366.87,,2281.56,,2291.78,,1813.96,,1749.16,
TANMH2,MD,Tangier Sound Segment 2,36.2,0,nd,0,nd,0.16,,0,nd,0,nd,0,nd,0,,0,,0,,0,,0,,0,,0,,0,,0,,0,,0,,0,,0,,0,,0,,0,,0,,1.95,,0,,0,,0,,0.36,,0,,0,,1.89,,1.88,,1.36,,1.6,
MANMH1,MD,Manokin River Segment 1,37.1,0,nd,0,nd,77.91,,0,pd,0,nd,0,nd,0,,72.48,,139.66,,139.32,,87.84,,102.98,,114.42,,143.61,,156.74,,66.87,,93.6,,8.04,,56.44,,14.01,,96.76,,182.68,,163.36,,292.75,,94.95,,117.85,,165.87,,93.55,,115.44,,167.91,,236.86,,352.54,,216.13,,236.01,
MANMH2,MD,Manokin River Segment 2,37.2,0,nd,0,nd,0,,0,nd,0,nd,0,nd,0,,0,,0,,0,,0,,0,,0,,0,,0,,0,,0,,0,,0,,0,,0,,0,,0,,1.76,,0,,0,,0,,0,,0,,0,,0,,5.22,,2.66,,4.29,
BIGMH1,MD,Big Annemessex River Segment 1,38.1,0,nd,0,nd,178.84,,0.16,pd,0,nd,0,nd,0,,147.52,,166.44,,93.92,,142.86,,127.29,,175.42,,175.83,,185.35,,161.56,,179.44,,87.91,,143.25,,94.35,,183.15,,238.34,,291.68,,315.73,,182.29,,222.19,,287.48,,206.94,,231.26,,292.31,,343.72,,384.13,,271.71,,305.66,
BIGMH2,MD,Big Annemessex River Segment 2,38.2,0,nd,0,nd,0,,0,pd,0,nd,0,nd,0,,0,,0,,0,,0,,0,,0,,0,,0,,0,,0.03,,0,,0,,0,,0,,0,,0,,0.74,,0,,0,,0,,0,,0,,0,,0,,0,,0.47,,1.58,
POCMH,MD,Lower Pocomoke River,39,0,nd,0,nd,4.34,,9.08,pd,0,nd,0,nd,36.49,,10.78,,26.44,,22.32,,38.58,,23.99,,23.44,,28.36,,27.66,,20.53,,21.32,,15.25,,11.69,,4.06,,15.79,,24.58,,23.68,,39.48,,23.57,,28.05,,28.1,,26.86,,14.51,,32.46,,48.5,,61.29,,53.93,,66.07,
POCMH,VA,Lower Pocomoke River,39,0,nd,0,nd,82.95,,0,pd,112.42,pd,250.11,pd,394.66,,373.97,,529.68,,451.41,,561.8,,571.46,,708.35,,690.74,,747.83,,644.26,,633.62,,636.83,,518.14,,455.4,,450.44,,464.71,,595.06,,693.69,,650.68,,442.9,,694.6,,481.08,,430.1,,532.84,,696.41,,782.04,,646.8,,492.88,
POCOH,MD,Middle Pocomoke River,40,0,,0,,0,,0,nd,0,,0,,0,,0,,0,,0,,0,,0,,0,,0,,0,,0,,0,,0,,0,,0,,0,,0,,0,,0,,0,,0,,0,,0,,0,,0,,0,,0,,0,,0,
POCOH,VA,Middle Pocomoke River,40,0,,0,,0,,0,nd,0,,0,,0,,0,,0,,0,,0,,0,,0,,0,,0,,0,,0,,0,,0,,0,,0,,0,,0,,0,,0,,0,,0,,0,,0,,0,,0,,0,,0,,0,
POCTF,MD,Upper Pocomoke River,41,0,,0,,0,,0,nd,0,,0,,0,,0,,0,,0,,0,,0,,0,,0,,0,,0,,0,,0,,0,,0,,0,,0,,0,,0,,0,,0,,0,,0,,0,,0,,0,,0,,0,,0,
PAXMH1,MD,Lower Patuxent River Segment 1,42.1,0,nd,0,nd,22.04,,0,nd,0,nd,0,nd,10.33,,52.95,,10.26,,33.37,,3.34,,0,,0,,0,,0.99,,0,,0,,0,,1.02,,0,,3.9,,0,,8.87,,55.84,,14.98,,16.85,,0,,0,,14.89,,2.72,,16.04,,7.24,,8.73,,4.46,
PAXMH2,MD,Lower Patuxent River Segment 2,42.2,0,nd,0,nd,3.44,,0,nd,0,nd,0,nd,0,,0,,7.07,,2.76,,0,,0,,0,,0,,0,,1.52,,0,,0,,0,,0,,0,,0,,0,,0,,0,,0,,0,,0,,0,,0,,0,,0,,0,pd,0,
PAXMH3,MD,Lower Patuxent River Segment 3,42.3,0,nd,0,nd,0,,0,nd,0,nd,0,nd,0,,0,,0,,0,,0,,0,,0,,0,,0,,0,,0,,0,,0,,0,,0,,0,,0,,0,,0,,0,,0,,0,,0,,0,,0,,0,,0,,0,
PAXMH4,MD,Lower Patuxent River Segment 4,42.4,0,nd,0,nd,0,,0,nd,0,nd,0,nd,0,,0,,0,,0,,0,,0,,0,,0,,0,,0,,0,,0,,0,,0,,0,,0,,0,,0,,0,,0,,0,,0,,0,,0,,0,,0,,0,,0,
PAXMH5,MD,Lower Patuxent River Segment 5,42.5,0,nd,0,nd,2.67,,0,nd,0,nd,0,nd,3.99,,0.78,,0,,0.42,,0.05,,0,,0,,0,,0,,0,,0,,0,,0,,0,,0,,0,,0,,1.07,,0,,0,,0,,0,,0,,0,,0,,0,,0,,0,
PAXMH6,MD,Lower Patuxent River Segment 6,42.6,0,nd,0,nd,0,,0,nd,0,nd,0,nd,0,,0,,0,,0,,0,,0,,0,,0,,0,,0,,0,,0,,0,,0,,0,,0,,0,,0,,0,,0,,0,,0,,0,,0,,0,,0,,0,,0,
PAXOH,MD,Middle Patuxent River,43,0,nd,0,nd,0.83,,0,nd,0,nd,0,nd,0,,0,,0,,0,,0,,0,,0,,0,,0,,21.46,,29.93,,36.02,,40.08,,43.25,,0,pd,46.73,,42.27,,8.51,,43.01,,42.73,,50.62,,28.81,,11.23,,41.17,,37.23,,26.77,,0,pd,6.51,
PAXTF,MD,Upper Patuxent River,44,0,nd,0,nd,0,,0,nd,0,nd,0,nd,0,,5.64,,0,,0,,0,,0,,0,,0,,8.78,,53.73,,45.2,,63.93,,53.16,,61.3,,0,nd,37.3,,83.04,,69.07,,87.81,,88.94,,131.28,,82.75,,47.01,,53.28,,66.38,,59.87,,0,nd,12.12,
WBRTF,MD,Western Branch of the Patuxent River,45,0,,0,,0,,0,nd,0,,0,,0,,0,,0,,0,,0,,0,,0,,0,,0,,0,,0,,0,,0,,0,,0,,0,,0,,0,,0,,0,,0.06,,0.03,,0.01,,0,,0,,0.51,,0,nd,0.22,
POTMH,MD,Lower Potomac River,46,0,pd,0,pd,150.29,,0,pd,0,pd,0,pd,37.61,pd,49.98,,35.04,,43.33,,78.17,,85.05,,111.13,,89.34,,98.98,,179.95,,220.93,,334.08,,545.08,,463.63,,732.02,,370.52,,607.44,,987.11,,983.01,pd,1239.2,,1170.66,,673,,274.2,,160.07,,135.93,,83.84,,147.55,,282.41,
POTMH,VA,Lower Potomac River,46,0,pd,0,pd,51.27,,0,pd,0,pd,0,pd,22.29,pd,5.42,,8.08,,6.31,,22.67,,23.72,,25.62,,7.24,,11.1,,14.6,,18.24,,68.32,,121.76,,228.09,,219.23,,52.44,,96.48,,72.6,,22.1,pd,137.28,,179.74,,10.64,,0,,0,,0,,0,,1.66,,4.13,
POTOH1,MD,Middle Potomac River Segment 1,47.1,0,nd,0,nd,93.82,,36.21,pd,0,nd,0,nd,72.52,pd,197,,145.67,,192.69,,617.15,,670.59,,697.23,,660.08,,698.42,,622.22,,455.65,,397.99,,308.99,,561.38,,378.48,,547.42,,361.19,pd,325.03,,438.16,,347.12,,436.37,,350.18,,447.91,,466.79,,468.56,,429.28,,294.22,pd,220.46,
POTOH1,VA,Middle Potomac River Segment 1,47.1,0,nd,0,nd,3.2,,0,pd,0,nd,0,nd,0,pd,7.51,,17.08,,43.82,,321.03,,420.52,,466.78,,566.8,,422.95,,457.22,,389.1,,373.31,,412.96,,608.31,,291.18,,635.3,,802.46,pd,355.94,,677.33,,819.16,,932.73,,1050.82,,1108.5,,1143.26,,1214.52,,1178.45,,850.91,pd,598.94,
POTOH2,MD,Middle Potomac River Segment 2,47.2,0,nd,0,nd,106.22,,57.47,pd,0,nd,0,nd,99.66,,87.62,,95.15,,107.67,,102.25,,86.84,,99.56,,72.48,,73.75,,68.99,,62.38,,77.42,,89.56,,106.2,,146.51,,74.09,,47.66,pd,2.71,,12.65,,57.7,,81.76,,73.19,,62.66,,70.71,,63.03,,55.41,,34.32,pd,75.56,
POTOH3,MD,Middle Potomac River Segment 3,47.3,0,nd,0,nd,52.31,,68.01,pd,0,nd,0,nd,44.91,pd,139.66,,125.97,,140.76,,175.73,,130.22,,151.28,,201.78,,101.6,,106.73,,116.39,,187.93,,394.76,,466.62,,499.37,,325.57,,31.56,pd,220.81,,221.26,,287.04,,376.41,,293.07,,39.38,,42.81,,33.44,,33.23,,94.25,pd,149.6,
POTTF,DC,Upper Potomac River,48,0,nd,0,nd,0,,0,nd,0,nd,0,nd,0.24,,65.54,,74.34,,58.28,,83.41,,118.95,,155.05,,163.2,,248.63,,196.42,,214.62,,96.46,,96.59,,167.66,,302.89,,408.26,,240.19,,220.64,,0,,0,,45.35,,3.96,,71.58,,88.9,,17.71,,24.73,,0,nd,20.34,
POTTF,MD,Upper Potomac River,48,0,nd,0,nd,0,,0,nd,0,nd,0,nd,374.24,,749.43,,884.42,,860.1,,645.18,,733.45,,867.35,,712.33,,670.02,,450.7,,195.34,,205.27,,180.51,,536.51,,631.96,,736.53,,348.53,pd,751.22,,347.23,,490.32,,796.12,,814.83,,1111.27,,1243.56,,1150.77,,762.41,,189.42,pd,351,
POTTF,VA,Upper Potomac River,48,0,nd,0,nd,0,,0,nd,0,nd,0,nd,100.81,,345.61,,334.66,,333.8,,521.13,,684.11,,847.28,,465.71,,419.68,,271.46,,183.04,,340.47,,273.58,,382.17,,388.7,,420.78,,206.44,pd,511.85,,308.08,,481.29,,973.07,,894.58,,1347.71,,1304.82,,1356.79,,1528.9,,268.5,pd,720.81,
MATTF,MD,Mattawoman Creek,49,0,pd,0,pd,0,,0,pd,0,pd,0,pd,0,,0,,6.83,,2.87,,39.29,,40.59,,60.64,,57.97,,54.28,,27.17,,11.34,,44.08,,50.28,,65.93,,84.96,,133.84,,0,pd,320.76,,247.62,,243.04,,311.5,,329.41,,337.25,,354.91,,350.35,,307.52,,285.05,,217.63,
PISTF,MD,Piscataway Creek,50,0,nd,0,nd,0,,0,nd,0,nd,0,nd,139.57,,211.73,,308.27,,319.35,,11.11,,57.7,,108.87,,8.32,,14.97,,30.8,,33.01,,50.89,,123.25,,126.62,,50.81,,129.22,,0,nd,255.61,,85.7,,205.03,,306.45,,296.32,,306.32,,309.41,,110.9,,211.63,,0,nd,102.08,
ANATF,DC,Anacostia River,50.5,0,nd,0,nd,0,,0,nd,0,nd,0,nd,4.66,,3.6,,2.21,,3.81,,4.2,,3.97,,5.01,,4.89,,5.29,,5.74,,6.27,,5.52,,3.42,,2.37,,3.54,,4.27,,1.73,,2.7,,0,,0,,0,,0,,0,,0,,0,,0,,0,nd,0,
ANATF,MD,Anacostia River,50.5,0,nd,0,nd,0,,0,nd,0,nd,0,nd,0,,0,,0,,0,,0,,0,,0,,0,,0,,0,,0,,0,,0,,0,,0,,0,,0,,0,,0,,0,,0,,0,,0,,0,,0,,0,,0,nd,0,
CB6PH,VA,Western Lower Chesapeake Bay,51,179.69,,221.41,,292.6,,0,nd,178.93,,227.47,,305.45,,327.51,,321.94,,241.92,,351.4,,373.02,,396.19,,466.93,,511.93,,454.45,,431.29,,396.2,,361.84,,312.58,,267.59,,287.94,,289.41,,310.49,,286.29,,197.6,,259.97,,125.86,,160.31,,180.59,,220.81,,214.73,,131.35,,80.69,
CB7PH,VA,Eastern Lower Chesapeake Bay,52,0,pd,0,pd,2452.12,,0,nd,1816,,2320.37,,2822.46,,2899.46,,2989.1,,2941.55,,3241.13,,3324.36,,4007.25,,4150.59,,4469.52,,4014.43,,3560.05,,3831.47,,3937.2,,3616.52,,3335.41,,3402.98,,3711.64,,3966.28,,3719.61,,2896.12,,3293.78,,1513.37,,2078.2,,2520.53,,3000.27,,3033.02,,1795.61,,1957.52,
RPPMH,VA,Lower Rappahannock River,53,684.62,,3.45,,29.78,,0,nd,0.43,,0,,13.46,,9.01,,7.75,,99.12,,348.69,,114.81,,55.76,,76.27,,132.95,,33.1,,23.51,,25.64,,14.7,,8.79,,33.12,,72.87,,193.58,,407.46,,8.55,,13.2,,80.12,,151.02,,170.8,,246.59,,591.46,,595.3,,315.59,,165.08,
CRRMH,VA,Corrotoman River,54,51.14,,0,,1.61,,0,nd,0,,0,,0,,0,,0,,59.88,,173.85,,178.46,,145.52,,137.74,,90.23,,51.61,,7.28,,22.09,,15.29,,17.03,,72.16,,107.46,,157.31,,311.04,,17.59,,90.82,,118.15,,137.71,,146.09,,188.14,,198.46,,231.16,,74.07,,40.57,
RPPOH,VA,Middle Rappahannock River,55,0,,0,,0,,0,nd,0,,0,,0,,0,,0,,0,,0,,0,,0,,0,,0,,0,,0,,0,,0,,0,,0,,0,,0,,0,,0,,0,,1.71,,0,,0,,3.17,,3.47,,2.2,,9.06,,2.55,
RPPTF,VA,Upper Rappahannock River,56,0,pd,0,pd,0,pd,0,nd,0,pd,0,pd,0,pd,0,pd,0,pd,0,pd,0,pd,0,pd,0,pd,0,pd,0,pd,0,pd,0,pd,0,pd,0,pd,7.29,,7.42,,16.19,,26.78,,1.39,,0,,9.57,,32.73,,3.12,,29.68,,44.13,,71.27,,179.75,,121.44,,35.17,
PIAMH,VA,Piankatank River,57,580.17,,61.12,,50.32,,0,nd,1.99,,4.06,,10.23,,10.35,,10.25,,43.1,,142.35,,242.44,,270.36,,323.42,,435.08,,249.81,,143.96,,142.26,,175.01,,132.11,,116.81,,171.31,,218.15,,283.95,,180.86,,179.29,,227.22,,113.61,,112.56,,140.41,,139.28,,197.54,,78.88,,41.38,
MOBPH,VA,Mobjack Bay,58,3003.74,,2712.63,,2754.74,,0,nd,2361.59,,2445.52,,2736.2,,2847.35,,2820.68,,2913.01,,3667.03,,3983.45,,4286.53,,4360.82,,4430.45,,4374.95,,4388.91,,4302.83,,4442.49,,4082.34,,3584.49,,3693.51,,3849.57,,3538.29,,3422.5,,3054.85,,2915.76,,2183.4,,2502.54,,3228.18,,3521.48,,3287.38,,2333.24,,2132.72,
YRKPH,VA,Lower York River,59,406.86,,89.98,,106.68,,0,nd,103.58,,112.86,,178.62,,175.56,,172.79,,190.36,,232.93,,271.91,,267.44,,274.08,,281.5,,295.97,,302.33,,306.87,,339.5,,302.79,,264.55,,308.39,,324.21,,373.04,,359.06,,241.72,,177.2,,148.49,,148.76,,186.81,,228.31,,253.1,,139.74,,138.93,
YRKMH,VA,Middle York River,60,21.97,,0.86,,0,,0,nd,0,,0,,0,,0,,0,,0,,0,,0,,0,,0,,0,,0,,0,,0,,0,,0,,0,,0,,0,,0,,0,,0,,0,,0,,0,,0,,0,,0,,0,,0,
MPNOH,VA,Lower Mattaponi River,61,0,,0,,0,,0,nd,0,,0,,0,,0,,0,,0,,0,,0,,0,,0,,0,,0,,0,,0,,0,,0,,0,,0,,0,,0,,0,,0,,0,,0,,0,,0,,0,,0,,0,,0,
MPNTF,VA,Upper Mattaponi River,62,0,pd,0,pd,0,pd,0,pd,0,pd,0,pd,0,pd,0,pd,0,pd,0,pd,0,pd,0,pd,0,pd,0,pd,0,pd,0,pd,0,pd,0,pd,0,pd,34.38,,0,pd,0,,0,,9.14,,74.34,,72.45,,119.81,,133.61,,160.63,,171.66,,171.9,,199.51,,202.95,,204.44,
PMKOH,VA,Lower Pamunkey River,63,0,,0,,0,,0,nd,0,,0,,0,,0,,0,,0,,0,,0,,0,,0,,0,,0,,0,,0,,0,,0,,0,,0,,0,,0,,0,,0,,0,,0,,0,,0,,0,,0,,0,,0,
PMKTF,VA,Upper Pamunkey River,64,0,nd,0,nd,0,nd,0,nd,0,nd,0,nd,0,nd,0,nd,0,nd,0,nd,0,nd,0,nd,0,nd,0,nd,0,nd,0,nd,0,nd,0,nd,0,nd,75.89,,0,nd,70.43,,56.52,,69.19,,88,,135.02,,236.88,,298.41,,328.45,,373,,361.15,,379.37,,363.77,,351.12,
JMSPH,VA,Mouth of the James River,65,0,pd,7.73,pd,8.99,,0,nd,0,,0,,0,,0,,0,,2.97,,3.85,,2.73,,2.74,,3.5,,4.01,,6.1,,15.4,,18.81,,75.74,,52.49,,31.35,,38.13,,93.98,,113.51,,53.22,,29.75,,0,pd,57.99,,80.67,,84.32,,136.06,,193.13,,94.92,,105.14,
JMSMH,VA,Lower James River,66,0,nd,0,nd,0,,0,nd,0,,0,,0,,0,,0,,0,,0,,0,,0,,0,,0,,0,,0,,0,,1.05,,0.89,,1.15,,0.97,,0.96,,0.6,,0.66,,0.89,,0,nd,0,,0,,0,,0,,0,,0,,0,
ELIPH,VA,Lower Elizabeth River,67,0,,0,,0,,0,nd,0,,0,,0,,0,,0,,0,,0,,0,,0,,0,,0,,0,,0,,0,,0,,0,,0,,0,,0,,0,,0,,0,,0,,0,,0,,0,,0,,0,,0,,0,
WBEMH,VA,Western Branch of the Elizabeth River,69,0,,0,,0,,0,nd,0,,0,,0,,0,,0,,0,,0,,0,,0,,0,,0,,0,,0,,0,,0,,0,,0,,0,,0,,0,,0,,0,,0,,0,,0,,0,,0,,0,,0,,0,
SBEMH,VA,South Branch of the Elizabeth River,70,0,,0,,0,,0,nd,0,,0,,0,,0,,0,,0,,0,,0,,0,,0,,0,,0,,0,,0,,0,,0,,0,,0,,0,,0,,0,,0,,0,,0,,0,,0,,0,,0,,0,,0,
EBEMH,VA,Eastern Branch of the Elizabeth River,71,0,,0,,0,,0,nd,0,,0,,0,,0,,0,,0,,0,,0,,0,,0,,0,,0,,0,,0,,0,,0,,0,,0,,0,,0,,0,,0,,0,,0,,0,,0,,0,,0,,0,,0,
LAFMH,VA,Lafayette River,72,0,,0,,0,,0,nd,0,,0,,0,,0,,0,,0,,0,,0,,0,,0,,0,,0,,0,,0,,0,,0,,0,,0,,0,,0,,0,,0,,0,,0,,0,,0,,0,,0,,0,,0,
CHKOH,VA,Chickahominy River,73,0,pd,0,pd,89.17,pd,0,nd,0,pd,0,pd,0,pd,0,pd,13.91,pd,0,pd,0,pd,0,pd,0,pd,0,pd,0,pd,0,pd,0,pd,0,pd,0,pd,205.32,,36.82,pd,216.54,,108.4,,75.43,,172.03,,174.77,,281.98,,285.53,,426.96,,318.41,,388.87,,309.28,,437.23,,363.53,
JMSOH,VA,Middle James River,74,0,nd,0,nd,0,nd,0,nd,0,nd,0,nd,0,nd,0,nd,0,nd,0,nd,0,nd,0,nd,0,nd,0,nd,0,nd,0,nd,0,nd,0,nd,0,nd,6.21,,0,nd,3.97,,5.89,,4.71,,3.66,,0,,0,,4.54,,4.27,,13.6,,17.31,,7.63,,12.94,,27.2,
JMSTF1,VA,Upper James River Segment 1,75.1,0,pd,0,pd,0,pd,0,nd,0,pd,0,pd,0,pd,0,pd,0,pd,0,pd,0,pd,0,pd,0,pd,0,pd,0,pd,0,pd,0,pd,0,pd,0,pd,36,,0,pd,26.84,,38.39,,33.82,,30.48,,4.76,,21.63,,90.47,,123.28,,142.46,,135.14,,160.61,,217.11,,253.93,
JMSTF2,VA,Upper James River Segment 2,75.2,0,,0,,0,,0,nd,0,,0,,0,,0,,0,,0,,0,,0,,0,,0,,0,,0,,0,,0,,0,,0,,0,,0,,0,,0,,0,,0,,0,,0,,0,,0,,0,,0,,0,,1.87,
APPTF,VA,Appomattox River,76,0,,0,,0,,0,nd,0,,0,,0,,0,,0,,0,,0,,0,,0,,0,,0,,0,,0,,0,,0,,0,,0,,0,,0,,0,,0,,0,,0,,0,,0,,0,,0,,0,,0,,0,
CB8PH,VA,Mouth of the Chesapeake Bay,77,0,nd,0,nd,0,,0,nd,0,,0,,0,,0,,0,,0,,0,,0,,0,,0,,0,,0,,4,,4.4,,4.37,,4.16,,2.77,,2.98,,3.2,,4.22,,1.94,,2.34,,3.54,,1.28,,2.34,,2.62,,3.35,,3.28,,1.99,,2.71,
LYNPH,VA,Lynnhaven & Broad Bays,78,0,nd,0,nd,0,,0,nd,0,,0,,38.48,,37.49,,43.2,,40.22,,37.63,,29.03,,23.66,,19.55,,21.22,,42.65,,12.99,,30.26,,16.14,,16.86,,38.17,,19.48,,17.32,,15.51,,0,,3.51,,7.85,,0,,0.74,,0.43,,0,,6.08,,4.86,,0,
AAWPH,DE,Assawoman Bay,79,0,nd,0,nd,0,nd,0,nd,0,nd,0,nd,0,nd,0,nd,0,,0,,0,,0,,0,,0,,0,,0,,0,,0,,0,,0,,0,,0,,0,,0,,0,,0,,0,nd,0,,0,,0,,0,,0,,0,,0,
AAWPH,MD,Assawoman Bay,79,0,nd,0,nd,0,nd,0,nd,0,nd,0,nd,0,nd,0,nd,0,,0,,0,,0,,1.23,,1.75,,16.69,,122.49,,113.76,,178.16,,180.32,,174.63,,264.71,,207.6,,222.43,,166.96,,203.93,,227.67,,0,nd,199.38,,206.59,,229.72,,353.43,,378.34,,15.94,,62.04,
IOWPH,DE,Isle of Wight Bay,80,0,,0,,0,,0,nd,0,,0,,0,,0,,0,,0,,0,,0,,0,,0,,0,,0,,0,,0,,0,,0,,0,,0,,0,,0,,0,,0,,0,,0,,0,,0,,0,,0,,0,,0,
IOWPH,MD,Isle of Wight Bay,80,0,nd,0,nd,0,nd,0,nd,0,nd,0,nd,0,nd,0,nd,0,,0,,0,,0,,0,,6.19,,3.67,,15.74,,20.79,,46.34,,79.87,,80.71,,99.46,,106.29,,124.1,,92.8,,135.51,,126.03,,0,nd,145.44,,138.13,,184.54,,180.18,,209.56,,13.2,,57.25,
SPXPH,MD,Sinepuxent Bay,81,0,nd,0,nd,0,nd,0,nd,0,nd,0,nd,0,nd,0,nd,29.01,,79.36,,134.69,,178.58,,179.04,,197.86,,230.89,,276.36,,222.93,,343.73,,421.4,,478.25,,643.36,,685.55,,669.58,,743.28,,695.85,,801.94,,0,nd,721.47,,648,,656.35,,744.91,,753.76,,505.18,,511.81,
CHNPH,MD,Chincoteague Bay,82,0,pd,0,pd,0,pd,0,nd,0,pd,0,pd,0,pd,0,pd,1310.64,,1443.26,,1158.51,,1391.19,,1629.28,,1805.23,,1848.06,,1911.31,,1740.09,,1966.6,,2209.83,,2499.53,,3163.01,,2924.14,,3609.04,,3247.49,,3437.8,,3332.98,,0,pd,1915.32,,1766.29,,1986.37,,2350.91,,2313.69,,1761.31,,1453.88,
CHNPH,VA,Chincoteague Bay,82,0,nd,0,nd,0,nd,0,nd,0,nd,0,nd,0,nd,0,nd,789.2,,782.81,,1019.29,,921.22,,936.12,,1312.13,,1477.32,,1791.69,,1660.79,,2021.26,,2706.94,,2921.74,,3029.88,,2930.59,,3185.43,,2987.23,,2782.07,,2398.76,,0,nd,1288.95,,1012.32,,1359.37,,1880.93,,1954.98,,1380.2,,1024.45,
SVCPH,VA,Southern Va. Coastal Bays,83,0,,0,,0,,0,nd,0,,0,,0,,0,,0,,0,,0,,0,,0,,0,,0,,0,,0,,0,,0,,0,,0,,0,,15.87,,81.66,,158.49,,146,,0,nd,253.28,,591.05,,983.55,,1352.01,,1715.24,,1769.11,,1878.47,